,,,,nation,pos,age,born,90s,Goals,Goals,Goals,Goals,Goals,Expected,Expected,Expected,Expected,Launched,Launched,Launched,Passes,Passes,Passes,Passes,Goal Kicks,Goal Kicks,Goal Kicks,Crosses,Crosses,Crosses,Sweeper,Sweeper,Sweeper
,,,,,,,,,GA,PKA,FK,CK,OG,PSxG,PSxG/SoT,PSxG+/-,/90,Cmp,Att,Cmp%,Att (GK),Thr,Launch%,AvgLen,Att,Launch%,AvgLen,Opp,Stp,Stp%,#OPA,#OPA/90,AvgDist
league,season,team,player,,,,,,,,,,,,,,,,,,,,,,,,,,,,,,
ENG-Premier League,2324,Arsenal,Aaron Ramsdale,ENG,GK,25-290,1998,5.0,4,0,0,1,0,2.3,0.23,-1.7,-0.34,13,45,28.9,133,25,26.3,29.5,18,55.6,43.3,35,3,8.6,9,1.8,18.3
ENG-Premier League,2324,Arsenal,David Raya,ESP,GK,28-166,1995,21.0,19,1,0,4,1,15.5,0.28,-2.5,-0.12,78,228,34.2,626,113,30.8,30.2,64,54.7,44.5,191,29,15.2,37,1.76,18.4
ENG-Premier League,2324,Aston Villa,Emiliano Martínez,ARG,GK,31-179,1992,25.0,34,0,0,9,3,35.9,0.36,4.9,0.2,83,216,38.4,893,119,19.7,27.2,114,35.1,33.6,270,27,10.0,54,2.16,18.9
ENG-Premier League,2324,Aston Villa,Robin Olsen,SWE,GK,34-051,1990,1.0,1,0,0,0,0,0.5,0.23,-0.5,-0.54,5,12,41.7,37,3,29.7,28.0,2,50.0,35.0,11,0,0.0,1,1.0,23.0
ENG-Premier League,2324,Bournemouth,Ionuț Radu,ROU,GK,26-276,1997,2.0,7,0,0,3,0,2.9,0.27,-4.1,-2.04,5,15,33.3,57,10,19.3,26.9,11,36.4,29.2,19,2,10.5,0,0.0,9.6
ENG-Premier League,2324,Bournemouth,Neto,BRA,GK,34-224,1989,23.0,40,4,1,2,1,40.4,0.31,1.4,0.06,121,352,34.4,604,110,42.7,35.9,169,55.6,43.7,299,20,6.7,22,0.96,13.3
ENG-Premier League,2324,Brentford,Mark Flekken,NED,GK,30-260,1993,24.5,46,1,0,4,0,39.3,0.31,-6.7,-0.27,147,413,35.6,884,91,35.3,33.8,193,52.3,41.4,382,23,6.0,21,0.86,13.0
ENG-Premier League,2324,Brentford,Thomas Strakosha,ALB,GK,28-346,1995,1.5,2,0,0,0,0,1.5,0.2,-0.5,-0.3,12,30,40.0,56,5,41.1,35.8,15,46.7,39.9,37,2,5.4,1,0.67,10.0
ENG-Premier League,2324,Brighton,Bart Verbruggen,NED,GK,21-194,2002,12.0,16,2,0,1,0,13.6,0.25,-2.4,-0.2,25,58,43.1,464,70,11.2,22.3,46,13.0,19.1,121,9,7.4,12,1.0,14.3
ENG-Premier League,2324,Brighton,Jason Steele,ENG,GK,33-194,1990,14.0,25,3,0,5,2,20.6,0.31,-2.4,-0.17,42,123,34.1,519,53,22.2,27.5,46,17.4,19.7,149,6,4.0,31,2.21,20.4
ENG-Premier League,2324,Burnley,James Trafford,ENG,GK,21-141,2002,26.0,58,5,0,10,2,52.7,0.3,-3.3,-0.13,128,537,23.8,1200,157,33.3,31.1,178,77.0,53.6,394,30,7.6,38,1.46,14.6
ENG-Premier League,2324,Chelsea,Robert Sánchez,ESP,GK,26-102,1997,15.9,25,2,0,3,0,24.2,0.28,-0.8,-0.05,61,147,41.5,516,87,21.3,28.1,91,40.7,33.7,202,19,9.4,27,1.7,15.8
ENG-Premier League,2324,Chelsea,Đorđe Petrović,SRB,GK,24-143,1999,9.1,16,1,0,3,1,12.7,0.24,-2.3,-0.25,28,87,32.2,261,41,23.0,27.9,54,50.0,39.5,138,7,5.1,14,1.54,17.0
ENG-Premier League,2324,Crystal Palace,Dean Henderson,ENG,GK,26-353,1997,8.0,20,1,0,3,0,17.3,0.37,-2.7,-0.33,36,123,29.3,190,23,42.6,36.8,47,89.4,58.6,106,2,1.9,10,1.25,17.3
ENG-Premier League,2324,Crystal Palace,Remi Matthews,ENG,GK,30-018,1994,0.0,1,0,0,0,0,0.1,0.15,-0.9,-19.2,0,5,0.0,4,0,100.0,53.8,1,100.0,63.0,1,1,100.0,0,0.0,3.5
ENG-Premier League,2324,Crystal Palace,Sam Johnstone,ENG,GK,30-340,1993,18.0,23,2,0,4,1,17.0,0.26,-5.0,-0.28,98,298,32.9,399,58,52.4,40.1,121,73.6,52.0,295,23,7.8,10,0.56,10.7
ENG-Premier League,2324,Everton,Jordan Pickford,ENG,GK,29-358,1994,26.0,34,5,0,8,2,31.8,0.25,-0.2,-0.01,252,591,42.6,853,93,56.6,41.3,189,57.1,46.1,373,16,4.3,39,1.5,17.4
ENG-Premier League,2324,Fulham,Bernd Leno,GER,GK,31-361,1992,26.0,42,6,0,2,3,40.4,0.27,1.4,0.05,102,304,33.6,934,106,23.7,28.5,124,66.9,49.6,313,10,3.2,30,1.15,15.0
ENG-Premier League,2324,Liverpool,Alisson,BRA,GK,31-149,1992,21.0,19,1,0,2,1,18.9,0.25,0.9,0.04,54,159,34.0,791,100,15.3,25.2,103,36.9,34.6,234,12,5.1,26,1.24,17.1
ENG-Premier League,2324,Liverpool,Caoimhín Kelleher,IRL,GK,25-097,1998,5.0,6,0,0,2,0,5.5,0.29,-0.5,-0.1,17,62,27.4,192,19,28.1,29.3,19,42.1,36.7,37,3,8.1,8,1.6,18.5
ENG-Premier League,2324,Luton Town,Thomas Kaminski,BEL,GK,31-128,1992,25.0,51,2,0,6,1,52.1,0.36,2.1,0.08,172,543,31.7,726,101,53.2,40.1,227,69.2,48.8,382,14,3.7,48,1.92,18.6
ENG-Premier League,2324,Manchester City,Ederson,BRA,GK,30-195,1993,24.1,23,2,0,2,1,22.3,0.3,0.3,0.01,98,206,47.6,881,107,19.3,27.8,90,40.0,38.4,197,20,10.2,34,1.41,17.4
ENG-Premier League,2324,Manchester City,Stefan Ortega,GER,GK,31-114,1992,1.9,3,0,0,0,0,3.0,0.37,0.0,-0.02,7,25,28.0,84,5,27.4,29.9,2,100.0,59.5,15,1,6.7,4,2.08,18.8
ENG-Premier League,2324,Manchester Utd,André Onana,CMR,GK,27-332,1996,26.0,36,3,1,7,1,37.3,0.28,2.3,0.09,100,327,30.6,892,93,29.5,30.4,120,53.3,42.5,402,19,4.7,29,1.12,14.9
ENG-Premier League,2324,Newcastle Utd,Loris Karius,GER,GK,30-251,1993,1.0,4,0,0,1,1,2.0,0.29,-1.0,-0.99,3,18,16.7,27,5,48.1,36.3,9,55.6,41.8,10,1,10.0,3,3.0,19.5
ENG-Premier League,2324,Newcastle Utd,Martin Dúbravka,SVK,GK,35-044,1989,11.1,27,3,0,1,0,29.8,0.33,2.8,0.25,30,89,33.7,251,75,18.7,26.9,88,47.7,36.9,166,11,6.6,10,0.9,11.5
ENG-Premier League,2324,Newcastle Utd,Nick Pope,ENG,GK,31-315,1992,13.9,14,0,1,2,0,15.1,0.3,1.1,0.08,35,100,35.0,282,85,18.8,27.8,85,55.3,42.3,128,6,4.7,28,2.01,19.8
ENG-Premier League,2324,Nott'ham Forest,Matt Turner,USA,GK,29-249,1994,17.0,28,2,1,4,0,22.1,0.26,-5.9,-0.35,126,280,45.0,436,99,42.7,35.7,136,69.1,47.0,296,30,10.1,18,1.06,13.3
ENG-Premier League,2324,Nott'ham Forest,Matz Sels,BEL,GK,32-002,1992,4.0,8,0,0,3,0,4.9,0.33,-3.1,-0.78,8,36,22.2,70,14,42.9,34.9,17,35.3,32.1,52,1,1.9,2,0.5,12.6
ENG-Premier League,2324,Nott'ham Forest,Odisseas Vlachodimos,GRE,GK,29-308,1994,5.0,12,1,0,2,0,7.9,0.31,-4.1,-0.83,28,60,46.7,130,21,25.4,29.6,44,61.4,44.3,92,3,3.3,2,0.4,10.3
ENG-Premier League,2324,Sheffield Utd,Ivo Grbić,CRO,GK,28-041,1996,1.6,3,0,0,0,0,2.0,0.51,-1.0,-0.61,11,24,45.8,38,9,28.9,28.6,21,61.9,47.0,36,4,11.1,1,0.64,8.9
ENG-Premier League,2324,Sheffield Utd,Wes Foderingham,ENG,GK,33-045,1991,24.4,63,3,0,8,4,57.5,0.34,-1.5,-0.06,171,518,33.0,650,83,55.1,40.5,214,74.8,53.2,404,17,4.2,34,1.39,15.4
ENG-Premier League,2324,Tottenham,Guglielmo Vicario,ITA,GK,27-144,1996,25.0,38,6,0,4,2,42.3,0.33,6.3,0.25,40,184,21.7,902,144,17.3,25.4,156,17.9,23.6,367,23,6.3,53,2.12,17.0
ENG-Premier League,2324,West Ham,Alphonse Areola,FRA,GK,31-001,1993,22.5,37,4,0,2,1,36.9,0.25,0.9,0.04,119,324,36.7,468,102,44.9,37.0,176,64.8,45.8,357,19,5.3,3,0.13,9.0
ENG-Premier League,2324,West Ham,Łukasz Fabiański,POL,GK,38-316,1985,3.5,9,1,0,2,0,6.9,0.3,-2.1,-0.6,19,51,37.3,81,19,45.7,36.0,25,56.0,43.6,64,5,7.8,1,0.28,8.3
ENG-Premier League,2324,Wolves,Daniel Bentley,ENG,GK,30-230,1993,2.8,3,0,0,0,0,2.5,0.25,-0.5,-0.2,9,34,26.5,62,7,35.5,32.9,25,48.0,36.0,39,0,0.0,1,0.36,10.6
ENG-Premier League,2324,Wolves,José Sá,POR,GK,31-042,1993,23.2,37,5,1,3,1,40.5,0.33,4.5,0.19,57,285,20.0,550,132,34.7,34.3,169,55.6,42.5,365,38,10.4,17,0.73,12.3
ESP-La Liga,2324,Alavés,Antonio Sivera,ESP,GK,27-201,1996,26.0,32,7,0,2,2,32.6,0.26,2.6,0.1,197,497,39.6,595,85,59.5,43.6,225,63.6,45.4,387,18,4.7,21,0.81,13.5
ESP-La Liga,2324,Almería,Diego Mariño,ESP,GK,33-295,1990,1.0,2,2,0,0,0,2.1,0.02,0.1,0.05,1,5,20.0,25,6,20.0,24.1,2,0.0,16.5,6,0,0.0,2,2.0,22.7
ESP-La Liga,2324,Almería,Fernando,ESP,GK,33-263,1990,2.0,7,0,0,0,0,4.9,0.45,-2.1,-1.05,14,40,35.0,67,14,47.8,37.2,16,50.0,45.8,32,2,6.3,5,2.5,17.9
ESP-La Liga,2324,Almería,Luís Maximiano,POR,GK,25-054,1999,23.0,45,4,0,6,0,42.9,0.33,-2.1,-0.09,109,387,28.2,675,107,39.3,35.6,192,63.5,47.3,392,21,5.4,27,1.17,14.4
ESP-La Liga,2324,Athletic Club,Unai Simón,ESP,GK,26-262,1997,26.0,26,0,0,2,2,28.4,0.29,4.4,0.17,164,504,32.5,724,106,49.6,39.1,175,82.9,60.3,326,22,6.7,39,1.5,17.6
ESP-La Liga,2324,Atlético Madrid,Jan Oblak,SVN,GK,31-052,1993,26.0,28,1,0,3,0,26.9,0.26,-1.1,-0.04,72,218,33.0,500,128,25.0,30.5,201,46.3,38.2,394,20,5.1,15,0.58,12.5
ESP-La Liga,2324,Barcelona,Iñaki Peña,ESP,GK,24-363,1999,10.0,17,0,0,0,0,13.9,0.36,-3.1,-0.31,21,49,42.9,249,46,13.3,23.7,48,33.3,35.5,116,2,1.7,5,0.5,10.6
ESP-La Liga,2324,Barcelona,Marc-André ter Stegen,GER,GK,31-304,1992,16.0,17,0,0,1,0,16.8,0.29,-0.2,-0.01,53,86,61.6,474,58,13.9,25.9,83,24.1,29.0,192,8,4.2,20,1.25,15.7
ESP-La Liga,2324,Betis,Claudio Bravo,CHI,GK,40-321,1983,7.0,5,0,0,0,1,5.5,0.27,1.5,0.21,38,80,47.5,169,30,30.2,30.6,60,48.3,40.1,101,4,4.0,6,0.86,12.6
ESP-La Liga,2324,Betis,Francisco Barbosa,ESP,GK,24-297,1999,2.5,4,0,1,0,0,3.7,0.26,-0.3,-0.13,10,35,28.6,58,15,39.7,36.2,24,50.0,44.3,51,2,3.9,2,0.8,12.3
ESP-La Liga,2324,Betis,Rui Silva,POR,GK,30-021,1994,16.5,17,5,0,1,0,20.4,0.24,3.4,0.2,78,237,32.9,484,72,36.2,33.2,114,54.4,42.2,228,24,10.5,20,1.21,13.7
ESP-La Liga,2324,Celta Vigo,Iván Villar,ESP,GK,26-234,1997,9.3,15,1,0,1,0,14.5,0.31,-0.5,-0.05,32,127,25.2,183,40,39.3,36.7,80,68.8,49.6,121,5,4.1,7,0.76,12.8
ESP-La Liga,2324,Celta Vigo,Vicente Guaita,ESP,GK,37-049,1987,16.7,24,4,0,2,0,27.3,0.34,3.3,0.2,97,258,37.6,349,77,47.0,39.7,128,73.4,53.2,305,19,6.2,18,1.08,13.3
ESP-La Liga,2324,Cádiz,David Gil,ESP,GK,30-048,1994,3.1,2,0,0,0,0,2.1,0.18,0.1,0.04,44,102,43.1,75,4,89.3,54.7,37,94.6,63.8,79,5,6.3,0,0.0,7.3
ESP-La Liga,2324,Cádiz,Jeremías Ledesma,ARG,GK,31-015,1993,22.9,35,2,0,2,0,35.5,0.32,0.5,0.02,215,535,40.2,626,84,59.6,43.5,187,86.6,62.0,378,37,9.8,27,1.18,11.7
ESP-La Liga,2324,Getafe,David Soria,ESP,GK,30-330,1993,26.0,38,4,0,3,0,40.8,0.3,2.8,0.11,255,665,38.3,683,81,70.6,47.1,206,88.8,59.2,312,13,4.2,49,1.88,17.7
ESP-La Liga,2324,Girona,Paulo Gazzaniga,ARG,GK,32-057,1992,26.0,32,2,0,6,0,35.3,0.29,3.3,0.13,105,297,35.4,794,124,25.9,30.1,175,52.0,44.6,383,27,7.0,14,0.54,11.8
ESP-La Liga,2324,Granada,André Ferreira,POR,GK,27-275,1996,14.9,29,3,0,2,1,27.8,0.33,-0.2,-0.01,73,186,39.2,388,88,31.4,32.2,110,58.2,44.3,195,6,3.1,13,0.87,12.6
ESP-La Liga,2324,Granada,Augusto Batalla,ARG,GK,27-304,1996,7.0,9,0,0,1,0,8.3,0.28,-0.7,-0.1,34,125,27.2,273,49,34.1,34.2,48,66.7,50.1,105,12,11.4,2,0.29,10.5
ESP-La Liga,2324,Granada,Raúl Fernández,ESP,GK,35-352,1988,3.1,11,0,0,1,1,7.8,0.46,-2.2,-0.71,14,47,29.8,88,10,37.5,35.7,17,82.4,62.1,36,4,11.1,11,3.54,17.3
ESP-La Liga,2324,Las Palmas,Álvaro Vallés,ESP,GK,26-218,1997,26.0,26,4,0,4,0,34.7,0.29,8.7,0.34,109,346,31.5,1269,135,23.2,28.1,117,44.4,40.1,409,25,6.1,71,2.73,17.7
ESP-La Liga,2324,Mallorca,Predrag Rajković,SRB,GK,28-120,1995,26.0,34,4,1,4,0,33.8,0.3,-0.2,-0.01,240,580,41.4,665,68,62.6,45.4,228,71.9,53.6,389,29,7.5,22,0.85,13.2
ESP-La Liga,2324,Osasuna,Aitor Fernández,ESP,GK,32-301,1991,4.1,7,1,0,1,0,5.5,0.34,-1.5,-0.37,32,71,45.1,115,13,51.3,41.1,17,70.6,50.7,47,1,2.1,5,1.21,21.1
ESP-La Liga,2324,Osasuna,Sergio Herrera,ESP,GK,30-268,1993,21.9,30,0,0,5,0,28.7,0.34,-1.3,-0.06,188,458,41.0,638,60,53.8,41.1,160,71.9,51.7,331,18,5.4,28,1.28,16.7
ESP-La Liga,2324,Rayo Vallecano,Stole Dimitrievski,MKD,GK,30-065,1993,26.0,36,1,1,4,2,36.2,0.3,2.2,0.09,122,432,28.2,643,122,49.5,40.5,203,56.2,46.3,377,13,3.4,27,1.04,15.5
ESP-La Liga,2324,Real Madrid,Andriy Lunin,UKR,GK,25-017,1999,14.0,7,1,0,0,0,12.9,0.32,5.9,0.42,19,53,35.8,344,67,11.9,24.0,76,15.8,27.0,179,18,10.1,15,1.07,13.0
ESP-La Liga,2324,Real Madrid,Kepa Arrizabalaga,ESP,GK,29-148,1994,12.0,9,0,0,0,1,9.3,0.29,1.3,0.1,24,72,33.3,342,54,17.0,26.5,59,23.7,28.9,138,4,2.9,10,0.83,15.5
ESP-La Liga,2324,Real Sociedad,Unai Marrero,ESP,GK,22-142,2001,1.6,3,1,0,0,0,2.9,0.37,-0.1,-0.09,10,25,40.0,37,5,45.9,37.0,8,100.0,63.4,27,1,3.7,4,2.54,20.1
ESP-La Liga,2324,Real Sociedad,Álex Remiro,ESP,GK,28-341,1995,24.4,23,2,0,3,1,23.6,0.26,1.6,0.07,129,295,43.7,745,83,29.7,31.4,111,66.7,51.6,283,14,4.9,41,1.68,17.4
ESP-La Liga,2324,Sevilla,Marko Dmitrović,SRB,GK,32-035,1992,13.0,25,2,0,3,1,22.6,0.3,-1.4,-0.11,52,148,35.1,314,70,32.5,32.7,79,58.2,45.9,152,11,7.2,15,1.15,15.4
ESP-La Liga,2324,Sevilla,Yassine Bounou,MAR,GK,32-329,1991,1.0,2,0,0,0,0,1.1,0.37,-0.9,-0.88,6,16,37.5,24,4,41.7,36.1,7,85.7,57.4,9,0,0.0,0,0.0,
ESP-La Liga,2324,Sevilla,Ørjan Nyland,NOR,GK,33-171,1990,12.0,11,1,0,1,1,11.2,0.22,1.2,0.1,75,223,33.6,285,61,51.2,40.0,96,80.2,58.2,181,11,6.1,11,0.92,13.8
ESP-La Liga,2324,Valencia,Giorgi Mamardashvili,GEO,GK,23-152,2000,25.0,29,2,0,3,1,32.6,0.32,4.6,0.18,116,426,27.2,553,96,57.7,41.8,154,69.5,53.4,361,35,9.7,22,0.88,12.1
ESP-La Liga,2324,Villarreal,Filip Jørgensen,DEN,GK,21-318,2002,26.0,48,4,1,7,1,45.0,0.28,-2.0,-0.08,108,274,39.4,753,130,25.9,30.3,176,44.9,38.9,484,24,5.0,25,0.96,13.5
FRA-Ligue 1,2324,Brest,Grégoire Coudert,FRA,GK,24-331,1999,2.0,0,0,0,0,0,0.3,0.07,0.3,0.13,12,36,33.3,70,10,41.4,37.2,10,70.0,55.4,24,0,0.0,2,0.99,23.0
FRA-Ligue 1,2324,Brest,Marco Bizot,NED,GK,32-355,1991,21.0,18,1,0,2,0,23.2,0.26,5.2,0.25,163,342,47.7,600,82,41.5,36.0,123,75.6,51.0,245,15,6.1,30,1.43,16.4
FRA-Ligue 1,2324,Clermont Foot,Massamba Ndiaye,SEN,GK,22-143,2001,2.0,2,0,0,1,0,3.3,0.27,1.3,0.64,7,22,31.8,69,17,26.1,27.8,11,36.4,31.5,33,3,9.1,1,0.5,11.2
FRA-Ligue 1,2324,Clermont Foot,Mory Diaw,SEN,GK,30-251,1993,21.0,34,3,0,4,1,36.8,0.25,3.8,0.18,150,411,36.5,768,87,43.6,37.0,131,58.0,44.4,299,30,10.0,37,1.76,15.2
FRA-Ligue 1,2324,Le Havre,Arthur Desmas,FRA,GK,29-327,1994,22.0,28,0,0,3,2,32.8,0.31,6.8,0.31,92,271,33.9,461,97,43.4,36.3,148,48.0,37.4,319,18,5.6,13,0.59,12.1
FRA-Ligue 1,2324,Le Havre,Mathieu Gorgelin,FRA,GK,33-207,1990,1.0,2,1,0,0,0,2.9,0.39,0.9,0.92,3,9,33.3,17,0,47.1,33.1,2,50.0,32.5,12,0,0.0,1,1.0,14.5
FRA-Ligue 1,2324,Lens,Brice Samba,FRA,GK,29-309,1994,23.0,24,4,0,6,1,31.3,0.28,8.3,0.36,117,264,44.3,667,102,33.3,32.1,117,35.9,31.6,270,25,9.3,17,0.74,13.3
FRA-Ligue 1,2324,Lille,Lucas Chevalier,FRA,GK,22-114,2001,23.0,20,2,0,2,2,24.9,0.26,6.9,0.3,47,199,23.6,740,79,22.8,28.5,73,41.1,39.1,246,11,4.5,19,0.83,13.7
FRA-Ligue 1,2324,Lorient,Yvon Mvogo,SUI,GK,29-267,1994,23.0,44,6,1,6,0,42.3,0.26,-1.7,-0.07,90,247,36.4,634,117,29.0,31.8,136,46.3,37.4,415,20,4.8,8,0.35,8.3
FRA-Ligue 1,2324,Lyon,Anthony Lopes,POR,GK,33-150,1990,20.0,29,2,0,2,0,27.0,0.25,-2.0,-0.1,88,249,35.3,522,97,37.4,33.5,134,40.3,34.4,267,19,7.1,20,1.0,14.0
FRA-Ligue 1,2324,Lyon,Rémy Riou,FRA,GK,36-206,1987,3.0,6,0,1,0,0,4.7,0.33,-1.3,-0.44,5,24,20.8,81,13,16.0,26.1,23,47.8,39.0,32,3,9.4,3,1.0,13.4
FRA-Ligue 1,2324,Marseille,Pau López,ESP,GK,29-077,1994,21.7,23,0,1,5,0,19.7,0.24,-3.3,-0.15,54,186,29.0,666,73,23.3,28.5,95,32.6,32.2,267,8,3.0,16,0.74,14.2
FRA-Ligue 1,2324,Marseille,Rubén Blanco,ESP,GK,28-218,1995,1.3,2,0,0,0,0,1.3,0.21,-0.7,-0.55,5,12,41.7,41,6,26.8,28.4,10,10.0,27.0,24,4,16.7,1,0.74,10.4
FRA-Ligue 1,2324,Metz,Alexandre Oukidja,ALG,GK,35-224,1988,22.2,36,4,1,3,0,30.8,0.23,-5.2,-0.23,148,425,34.8,458,80,56.6,41.9,180,92.2,60.3,350,25,7.1,13,0.59,10.2
FRA-Ligue 1,2324,Metz,Guillaume Dietsch,FRA,GK,22-317,2001,0.8,1,0,0,0,0,0.8,0.31,-0.2,-0.21,6,16,37.5,19,3,47.4,36.4,7,100.0,63.0,14,1,7.1,0,0.0,3.0
FRA-Ligue 1,2324,Monaco,Philipp Köhn,SUI,GK,25-332,1998,22.0,32,5,1,6,1,32.0,0.27,1.0,0.05,82,249,32.9,536,91,32.5,32.1,130,57.7,43.5,282,22,7.8,19,0.86,11.3
FRA-Ligue 1,2324,Monaco,Radosław Majecki,POL,GK,24-104,1999,1.0,2,0,0,0,0,3.1,0.37,1.1,1.11,4,15,26.7,25,9,28.0,30.4,12,66.7,45.6,21,1,4.8,0,0.0,6.3
FRA-Ligue 1,2324,Montpellier,Benjamin Lecomte,FRA,GK,32-308,1991,23.0,31,2,2,2,3,29.0,0.24,1.0,0.04,122,345,35.4,586,100,46.9,37.1,177,39.5,35.6,350,18,5.1,3,0.13,8.3
FRA-Ligue 1,2324,Nantes,Alban Lafont,FRA,GK,25-036,1999,16.7,22,4,0,1,0,23.0,0.28,1.0,0.06,71,232,30.6,518,78,32.2,32.8,104,62.5,46.5,226,19,8.4,20,1.2,13.7
FRA-Ligue 1,2324,Nantes,Denis Petrić,SRB,GK,35-280,1988,0.3,1,0,0,1,0,0.3,0.28,-0.7,-2.71,1,2,50.0,7,2,28.6,30.7,0,,,4,0,0.0,0,0.0,
FRA-Ligue 1,2324,Nantes,Rémy Descamps,FRA,GK,27-248,1996,6.0,11,1,0,0,0,12.5,0.35,1.5,0.26,51,125,40.8,141,28,51.1,40.3,71,74.6,49.8,116,8,6.9,0,0.0,7.8
FRA-Ligue 1,2324,Nice,Marcin Bułka,POL,GK,24-147,1999,23.0,15,2,0,0,0,19.6,0.24,4.6,0.2,49,110,44.5,717,109,12.4,23.0,94,22.3,24.8,234,17,7.3,12,0.52,11.9
FRA-Ligue 1,2324,Paris S-G,Arnau Tenas,ESP,GK,22-274,2001,2.9,2,0,0,1,0,2.3,0.18,0.3,0.12,3,17,17.6,84,12,15.5,26.8,21,19.0,28.3,42,1,2.4,3,1.04,15.1
FRA-Ligue 1,2324,Paris S-G,Gianluigi Donnarumma,ITA,GK,25-003,1999,19.1,16,2,0,2,0,23.3,0.28,7.3,0.38,28,65,43.1,505,88,10.7,23.6,103,10.7,20.9,222,12,5.4,18,0.94,13.3
FRA-Ligue 1,2324,Paris S-G,Keylor Navas,CRC,GK,37-075,1986,1.0,1,0,0,0,0,0.6,0.21,-0.4,-0.37,2,3,66.7,29,3,10.3,24.5,4,0.0,16.8,10,0,0.0,0,0.0,4.0
FRA-Ligue 1,2324,Reims,Yehvann Diouf,FRA,GK,24-104,1999,23.0,31,3,0,3,0,27.6,0.27,-3.4,-0.15,87,227,38.3,773,124,23.4,29.6,106,43.4,37.5,335,26,7.8,27,1.17,13.7
FRA-Ligue 1,2324,Rennes,Steve Mandanda,FRA,GK,38-337,1985,23.0,27,2,0,4,2,22.9,0.22,-2.1,-0.09,93,322,28.9,731,99,31.7,32.5,141,63.8,45.2,321,20,6.2,26,1.13,15.8
FRA-Ligue 1,2324,Strasbourg,Alaa Bellaarouch,MAR,GK,22-058,2002,4.0,11,1,0,0,0,8.5,0.26,-2.5,-0.64,6,26,23.1,105,22,23.8,29.4,8,12.5,28.8,47,7,14.9,5,1.25,11.5
FRA-Ligue 1,2324,Strasbourg,Matz Sels,BEL,GK,32-002,1992,19.0,24,1,0,2,2,20.0,0.31,-2.0,-0.11,88,226,38.9,505,68,37.4,34.5,113,32.7,33.7,257,6,2.3,19,1.0,13.9
FRA-Ligue 1,2324,Toulouse,Guillaume Restes,FRA,GK,18-354,2005,23.0,31,4,1,4,0,31.1,0.29,0.1,0.0,67,213,31.5,507,66,28.4,29.6,124,55.6,41.6,371,3,0.8,12,0.52,10.8
GER-Bundesliga,2324,Augsburg,Finn Dahmen,GER,GK,25-338,1998,23.0,41,6,0,9,2,39.7,0.26,0.7,0.03,121,335,36.1,901,69,30.5,32.3,129,46.5,41.9,343,22,6.4,36,1.57,14.1
GER-Bundesliga,2324,Bayern Munich,Manuel Neuer,GER,GK,37-338,1986,15.0,19,2,0,1,0,16.8,0.25,-2.2,-0.15,46,104,44.2,524,79,17.9,27.9,65,15.4,26.9,141,7,5.0,13,0.87,15.8
GER-Bundesliga,2324,Bayern Munich,Sven Ulreich,GER,GK,35-209,1988,8.0,7,1,1,2,0,6.6,0.33,-0.4,-0.05,20,64,31.3,261,35,21.8,26.3,34,20.6,27.1,70,2,2.9,14,1.75,23.0
GER-Bundesliga,2324,Bochum,Manuel Riemann,GER,GK,35-172,1988,23.0,46,7,0,5,2,41.4,0.26,-2.6,-0.12,284,729,39.0,1029,59,62.3,42.8,151,58.3,45.0,355,28,7.9,74,3.22,20.2
GER-Bundesliga,2324,Darmstadt 98,Alexander Brunst,GER,GK,28-236,1995,1.0,1,0,0,1,0,0.7,0.25,-0.3,-0.25,12,36,33.3,38,2,71.1,47.6,9,100.0,66.8,24,1,4.2,0,0.0,10.3
GER-Bundesliga,2324,Darmstadt 98,Marcel Schuhen,GER,GK,31-046,1993,22.0,51,1,1,6,1,47.3,0.33,-2.7,-0.12,157,393,39.9,900,122,33.8,33.8,181,49.2,42.2,292,14,4.8,39,1.77,17.2
GER-Bundesliga,2324,Dortmund,Alexander Meyer,GER,GK,32-321,1991,3.7,5,0,0,0,1,3.0,0.27,-1.0,-0.28,9,30,30.0,167,19,14.4,27.6,20,30.0,34.5,49,5,10.2,0,0.0,10.1
GER-Bundesliga,2324,Dortmund,Gregor Kobel,SUI,GK,26-084,1997,19.3,25,5,0,5,1,28.9,0.26,4.9,0.26,93,206,45.1,730,81,21.0,28.4,124,42.7,38.7,271,5,1.8,13,0.67,12.5
GER-Bundesliga,2324,Eint Frankfurt,Jens Grahl,GER,GK,35-159,1988,2.0,2,0,0,0,0,1.4,0.15,-0.6,-0.31,4,29,13.8,77,15,31.2,34.4,15,33.3,37.9,33,4,12.1,4,2.0,15.7
GER-Bundesliga,2324,Eint Frankfurt,Kevin Trapp,GER,GK,33-235,1990,21.0,28,4,0,3,0,29.1,0.27,1.1,0.05,70,236,29.7,661,98,27.8,29.3,142,36.6,33.8,328,9,2.7,20,0.95,14.9
GER-Bundesliga,2324,Freiburg,Noah Atubolu,GER,GK,21-279,2002,23.0,42,3,0,3,1,34.7,0.33,-6.3,-0.27,129,389,33.2,788,108,34.6,33.6,159,73.0,54.8,286,14,4.9,24,1.04,15.1
GER-Bundesliga,2324,Heidenheim,Kevin Müller,GER,GK,32-350,1991,23.0,40,7,0,5,2,37.6,0.25,-0.4,-0.02,189,442,42.8,786,96,38.9,37.1,208,65.4,48.4,361,19,5.3,13,0.57,13.0
GER-Bundesliga,2324,Hoffenheim,Oliver Baumann,GER,GK,33-271,1990,23.0,43,2,2,5,1,47.4,0.33,5.4,0.23,129,330,39.1,750,117,31.5,32.0,173,54.3,44.1,369,23,6.2,46,2.0,16.6
GER-Bundesliga,2324,Köln,Marvin Schwäbe,GER,GK,28-309,1995,23.0,37,2,0,5,0,43.1,0.37,6.1,0.27,88,234,37.6,821,73,25.6,30.2,94,25.5,31.1,309,9,2.9,15,0.65,13.1
GER-Bundesliga,2324,Leverkusen,Lukáš Hrádecký,FIN,GK,34-096,1989,22.0,16,0,0,3,0,20.6,0.26,4.6,0.21,50,153,32.7,534,122,22.3,28.4,94,36.2,35.8,218,20,9.2,31,1.41,17.4
GER-Bundesliga,2324,Leverkusen,Matej Kovar,CZE,GK,23-287,2000,1.0,0,0,0,0,0,0.4,0.15,0.4,0.44,0,0,,17,6,0.0,22.1,0,,,3,1,33.3,1,1.0,15.0
GER-Bundesliga,2324,M'Gladbach,Jonas Omlin,SUI,GK,30-049,1994,2.0,7,1,0,1,0,6.0,0.28,-1.0,-0.51,11,32,34.4,67,13,40.3,37.0,10,50.0,40.4,27,1,3.7,2,1.0,13.3
GER-Bundesliga,2324,M'Gladbach,Moritz Nicolas,GER,GK,26-130,1997,21.0,38,4,0,5,0,37.8,0.27,-0.2,-0.01,84,239,35.1,680,105,27.1,30.2,113,48.7,42.0,346,19,5.5,15,0.71,12.7
GER-Bundesliga,2324,Mainz 05,Daniel Batz,GER,GK,33-047,1991,4.0,3,0,1,0,0,2.4,0.15,-0.6,-0.15,18,58,31.0,132,14,38.6,34.7,21,33.3,34.8,38,4,10.5,2,0.5,11.3
GER-Bundesliga,2324,Mainz 05,Robin Zentner,GER,GK,29-123,1994,19.0,34,2,1,1,1,32.1,0.38,-0.9,-0.05,105,282,37.2,536,101,42.5,36.4,104,51.9,42.0,238,26,10.9,28,1.47,16.6
GER-Bundesliga,2324,RB Leipzig,Janis Blaswich,GER,GK,32-302,1991,20.0,28,3,0,7,0,23.0,0.29,-5.0,-0.25,54,151,35.8,781,83,15.0,25.9,129,26.4,31.0,229,14,6.1,35,1.75,17.7
GER-Bundesliga,2324,RB Leipzig,Péter Gulácsi,HUN,GK,33-298,1990,3.0,2,0,0,0,0,1.2,0.21,-0.8,-0.28,3,14,21.4,71,8,7.0,24.8,24,37.5,34.3,36,0,0.0,6,2.0,18.4
GER-Bundesliga,2324,Stuttgart,Alexander Nübel,GER,GK,27-151,1996,20.0,26,1,0,5,2,20.3,0.28,-3.7,-0.18,93,205,45.4,706,94,24.9,29.1,86,33.7,32.1,225,24,10.7,43,2.15,18.4
GER-Bundesliga,2324,Stuttgart,Fabian Bredlow,GER,GK,28-363,1995,3.0,3,0,0,1,0,3.9,0.21,0.9,0.31,18,49,36.7,118,12,36.4,32.8,9,66.7,49.3,44,1,2.3,2,0.67,13.3
GER-Bundesliga,2324,Union Berlin,Alexander Schwolow,GER,GK,31-271,1992,1.0,2,0,0,0,0,1.2,0.2,-0.8,-0.81,4,10,40.0,28,4,32.1,34.1,8,12.5,28.4,13,0,0.0,0,0.0,5.0
GER-Bundesliga,2324,Union Berlin,Frederik Rønnow,DEN,GK,31-208,1992,22.0,35,3,1,6,1,34.1,0.28,0.1,0.01,114,343,33.2,722,112,34.2,33.0,147,65.3,48.5,368,34,9.2,30,1.36,13.2
GER-Bundesliga,2324,Werder Bremen,Jiří Pavlenka,CZE,GK,31-320,1992,7.0,17,2,0,1,0,13.1,0.3,-3.9,-0.56,31,85,36.5,177,37,37.9,34.2,69,26.1,32.5,109,7,6.4,9,1.29,14.4
GER-Bundesliga,2324,Werder Bremen,Michael Zetterer,GER,GK,28-231,1995,16.0,18,2,0,2,1,20.5,0.31,3.5,0.22,87,185,47.0,572,109,28.1,32.7,76,31.6,36.0,236,22,9.3,16,1.0,14.5
GER-Bundesliga,2324,Wolfsburg,Koen Casteels,BEL,GK,31-248,1992,19.0,28,1,0,2,1,27.7,0.3,0.7,0.04,121,286,42.3,589,96,35.5,34.7,124,62.1,47.4,279,19,6.8,34,1.79,16.5
GER-Bundesliga,2324,Wolfsburg,Pavao Pervan,AUT,GK,36-107,1987,4.0,8,0,1,1,1,6.2,0.37,-0.8,-0.2,11,46,23.9,130,25,28.5,30.7,16,56.3,45.6,51,0,0.0,3,0.75,15.7
ITA-Serie A,2324,Atalanta,Juan Musso,ARG,GK,29-298,1994,10.0,12,2,0,2,1,8.9,0.22,-2.1,-0.21,38,110,34.5,281,64,24.2,29.5,60,70.0,50.2,98,10,10.2,16,1.6,16.8
ITA-Serie A,2324,Atalanta,Marco Carnesecchi,ITA,GK,23-242,2000,15.0,12,2,0,1,0,16.3,0.22,4.3,0.29,69,202,34.2,395,77,32.9,34.5,109,66.1,50.0,193,14,7.3,21,1.4,13.7
ITA-Serie A,2324,Bologna,Federico Ravaglia,ITA,GK,24-109,1999,3.0,1,0,1,0,0,1.7,0.24,0.7,0.23,4,21,19.0,103,14,15.5,25.2,12,41.7,35.9,35,1,2.9,3,1.0,23.5
ITA-Serie A,2324,Bologna,Łukasz Skorupski,POL,GK,32-299,1991,23.0,22,3,0,2,1,21.4,0.22,0.4,0.02,78,224,34.8,614,99,27.7,30.0,138,39.1,37.2,323,10,3.1,5,0.22,10.4
ITA-Serie A,2324,Cagliari,Boris Radunović,SRB,GK,27-278,1996,7.0,12,0,0,1,1,10.1,0.38,-0.9,-0.13,41,91,45.1,156,31,35.9,37.0,66,53.0,43.8,98,6,6.1,4,0.57,11.2
ITA-Serie A,2324,Cagliari,Simone Scuffet,ITA,GK,27-273,1996,19.0,35,2,1,7,1,28.4,0.34,-5.6,-0.29,103,263,39.2,435,76,38.6,35.2,155,61.3,45.5,268,13,4.9,14,0.74,12.1
ITA-Serie A,2324,Empoli,Elia Caprile,ITA,GK,22-187,2001,11.0,13,2,0,3,0,13.9,0.23,0.9,0.08,55,151,36.4,305,54,38.4,35.7,70,48.6,43.0,199,10,5.0,12,1.09,15.2
ITA-Serie A,2324,Empoli,Etrit Berisha,ALB,GK,34-355,1989,14.0,25,2,0,5,1,20.7,0.24,-3.3,-0.24,44,184,23.9,400,75,34.8,33.0,90,50.0,40.8,236,11,4.7,10,0.71,12.4
ITA-Serie A,2324,Empoli,Samuele Perisan,ITA,GK,26-191,1997,1.0,2,0,0,0,0,0.7,0.14,-1.3,-1.32,1,8,12.5,22,8,27.3,26.3,12,16.7,29.6,18,0,0.0,1,1.0,21.0
ITA-Serie A,2324,Fiorentina,Oliver Christensen,DEN,GK,24-343,1999,2.0,6,1,0,0,0,3.2,0.18,-2.8,-1.38,14,31,45.2,78,7,33.3,33.2,8,62.5,49.4,15,0,0.0,3,1.5,22.0
ITA-Serie A,2324,Fiorentina,Pietro Terracciano,ITA,GK,33-357,1990,24.0,24,5,2,2,0,28.8,0.25,4.8,0.2,119,274,43.4,761,88,28.8,32.0,117,47.0,38.6,217,6,2.8,19,0.79,14.7
ITA-Serie A,2324,Frosinone,Michele Cerofolini,ITA,GK,25-055,1999,2.0,4,0,0,1,0,2.0,0.2,-2.0,-1.02,4,39,10.3,53,7,54.7,39.8,19,52.6,43.2,45,2,4.4,0,0.0,5.0
ITA-Serie A,2324,Frosinone,Stefano Turati,ITA,GK,22-176,2001,24.0,51,4,0,8,1,38.4,0.29,-11.6,-0.48,56,223,25.1,762,117,24.0,27.7,113,35.4,33.6,339,16,4.7,18,0.75,13.9
ITA-Serie A,2324,Genoa,Josep Martinez,ESP,GK,25-277,1998,25.0,29,1,1,2,1,27.4,0.3,-0.6,-0.02,152,390,39.0,860,79,36.0,35.6,116,69.0,50.3,395,32,8.1,27,1.08,12.2
ITA-Serie A,2324,Genoa,Nicola Leali,ITA,GK,31-011,1993,1.0,2,0,0,0,0,2.7,0.34,0.7,0.73,11,30,36.7,42,3,69.0,42.5,3,33.3,27.0,11,1,9.1,1,0.99,17.8
ITA-Serie A,2324,Hellas Verona,Lorenzo Montipò,ITA,GK,28-008,1996,26.0,36,2,0,4,1,30.4,0.26,-4.6,-0.18,233,521,44.7,697,77,52.1,40.1,213,74.2,53.9,328,10,3.0,35,1.35,16.3
ITA-Serie A,2324,Inter,Emil Audero,ITA,GK,27-041,1997,1.0,0,0,0,0,0,0.1,0.06,0.1,0.12,3,13,23.1,64,4,17.2,27.2,4,50.0,49.0,17,0,0.0,2,2.0,29.0
ITA-Serie A,2324,Inter,Yann Sommer,SUI,GK,35-073,1988,24.0,12,2,0,1,0,16.7,0.21,4.7,0.2,79,169,46.7,686,88,19.7,27.1,133,25.6,28.6,275,13,4.7,11,0.46,12.1
ITA-Serie A,2324,Juventus,Mattia Perin,ITA,GK,31-110,1992,2.0,1,0,0,0,0,1.2,0.3,0.2,0.09,5,13,38.5,42,9,28.6,29.1,11,9.1,18.9,26,2,7.7,2,1.0,15.0
ITA-Serie A,2324,Juventus,Wojciech Szczęsny,POL,GK,33-316,1990,24.0,18,0,0,2,2,17.0,0.24,1.0,0.04,113,254,44.5,587,81,33.4,33.2,118,49.2,43.7,382,19,5.0,14,0.58,11.1
ITA-Serie A,2324,Lazio,Ivan Provedel,ITA,GK,29-348,1994,26.0,28,2,0,1,0,26.0,0.24,-2.0,-0.08,80,211,37.9,753,96,21.5,30.6,146,33.6,36.3,326,14,4.3,14,0.54,12.5
ITA-Serie A,2324,Lecce,Wladimiro Falcone,ITA,GK,28-322,1995,26.0,43,4,1,4,1,40.3,0.3,-1.7,-0.06,92,296,31.1,580,119,39.5,33.5,175,38.3,32.4,347,13,3.7,14,0.54,11.7
ITA-Serie A,2324,Milan,Antonio Mirante,ITA,GK,40-235,1983,1.0,1,0,0,0,0,1.1,0.33,0.1,0.12,4,12,33.3,25,2,40.0,34.4,4,50.0,36.0,12,0,0.0,0,0.0,5.5
ITA-Serie A,2324,Milan,Marco Sportiello,ITA,GK,31-294,1992,2.0,1,0,0,0,0,1.3,0.16,0.3,0.14,5,15,33.3,69,13,21.7,28.0,2,0.0,28.5,28,2,7.1,2,1.0,13.2
ITA-Serie A,2324,Milan,Mike Maignan,FRA,GK,28-240,1995,23.0,30,7,2,2,0,25.8,0.21,-4.2,-0.18,99,235,42.1,837,142,22.7,28.8,117,38.5,37.4,269,29,10.8,32,1.39,15.6
ITA-Serie A,2324,Monza,Alessandro Sorrentino,ITA,GK,21-331,2002,4.1,13,4,0,0,0,11.5,0.34,-1.5,-0.36,12,43,27.9,100,23,30.0,31.5,27,48.1,41.1,43,2,4.7,0,0.0,9.7
ITA-Serie A,2324,Monza,Michele Di Gregorio,ITA,GK,26-216,1997,21.9,17,1,0,4,0,25.1,0.23,8.1,0.37,100,257,38.9,723,141,25.7,29.8,154,46.1,41.1,309,15,4.9,15,0.68,11.9
ITA-Serie A,2324,Napoli,Alex Meret,ITA,GK,26-343,1997,17.8,21,1,0,2,0,21.0,0.32,0.0,0.0,32,101,31.7,434,68,18.4,27.8,84,25.0,30.1,214,3,1.4,20,1.12,16.8
ITA-Serie A,2324,Napoli,Nikita Contini Baranovsky,ITA,GK,27-283,1996,0.2,0,0,0,0,0,0.0,,0.0,0.0,0,0,,3,1,0.0,17.0,1,0.0,15.0,1,0,0.0,3,15.88,37.0
ITA-Serie A,2324,Napoli,Pierluigi Gollini,ITA,GK,28-347,1995,7.0,8,0,0,1,0,8.2,0.34,0.2,0.02,27,68,39.7,213,28,22.1,29.5,53,39.6,36.3,82,5,6.1,9,1.29,16.2
ITA-Serie A,2324,Roma,Mile Svilar,SRB,GK,24-185,1999,3.0,5,0,0,1,1,3.2,0.18,-0.8,-0.27,8,18,44.4,103,18,11.7,22.3,14,42.9,37.0,45,5,11.1,1,0.33,10.9
ITA-Serie A,2324,Roma,Rui Patrício,POR,GK,36-013,1988,23.0,27,2,0,2,2,23.4,0.29,-1.6,-0.07,90,211,42.7,492,86,31.5,31.0,137,40.9,34.9,309,16,5.2,8,0.35,11.7
ITA-Serie A,2324,Salernitana,Benoît Costil,FRA,GK,36-240,1987,8.0,16,2,0,1,0,13.8,0.27,-2.2,-0.28,40,148,27.0,197,30,49.2,37.9,65,78.5,55.3,141,0,0.0,5,0.63,13.4
ITA-Serie A,2324,Salernitana,Guillermo Ochoa,MEX,GK,38-230,1985,18.0,37,7,0,3,1,30.7,0.25,-5.3,-0.3,70,267,26.2,409,61,44.7,37.0,142,59.2,44.8,301,9,3.0,8,0.44,13.0
ITA-Serie A,2324,Sassuolo,Alessio Cragno,ITA,GK,29-245,1994,2.0,6,1,0,1,1,3.4,0.3,-1.6,-0.81,10,32,31.3,47,3,57.4,41.2,19,26.3,29.4,26,0,0.0,7,3.5,28.9
ITA-Serie A,2324,Sassuolo,Andrea Consigli,ITA,GK,37-032,1987,23.0,42,5,1,3,2,33.4,0.26,-6.6,-0.29,104,308,33.8,671,102,37.1,35.7,163,36.2,34.0,365,16,4.4,17,0.74,12.6
ITA-Serie A,2324,Torino,Luca Gemello,ITA,GK,23-240,2000,1.0,2,0,0,0,0,0.3,0.16,-1.7,-1.68,4,12,33.3,42,3,28.6,32.6,0,,,16,2,12.5,2,2.0,15.8
ITA-Serie A,2324,Torino,Vanja Milinković-Savić,SRB,GK,27-008,1997,25.0,23,4,0,4,0,23.6,0.21,0.6,0.02,157,500,31.4,895,123,42.5,37.3,142,84.5,65.1,266,28,10.5,30,1.2,14.0
ITA-Serie A,2324,Udinese,Maduka Okoye,NGA,GK,24-184,1999,9.0,12,1,1,1,0,11.5,0.26,-0.5,-0.05,39,102,38.2,124,21,54.8,39.5,53,64.2,44.9,143,5,3.5,1,0.11,8.0
ITA-Serie A,2324,Udinese,Marco Silvestri,ITA,GK,32-363,1991,17.0,28,6,0,2,0,25.7,0.29,-2.3,-0.14,57,168,33.9,345,68,33.6,32.3,105,49.5,42.1,282,5,1.8,7,0.41,13.1
